﻿Nr;Extern ordernr;Externe verwijzing;Aanhef;Voornaam;Overige namen;Achternaam;Initialen;Naam;Naam 2;Adres;Adres 2;Straat;Postcode;Huisnr;Sell-to House No. Add OOU;Plaats;Land-/regio;Telefoon;Telefoon (Mobiel);E-mail;Aanhef;Voornaam;Overige namen;Achternaam;Initialen;Factuurnaam;Factuurnaam 2;Factuuradres;Factuuradres 2;Factuurstraat;Factuurpostcode;Factuurhuisnr;Bill-to House No. Add OOU;Factuurplaats;Factuurland-/regio;Telefoon;Telefoon (Mobiel);E-mail;Afhaalplaats;Aanhef;Voornaam;Overige namen;Achternaam;Initialen;Verzendnaam;Verzendnaam 2;Verzendadres;Verzendadres 2;Verzendstraat;Verzendpostcode;Verzendhuisnr;Ship-to House No. Add OOU;Verzendplaats;Verzendland-/regio;Telefoon;Telefoon (Mobiel);E-mail;Order datum;Order tijd
WO20-03073;F2004126945;F2004126945;MEVR.;Fabiënne ;;Pollaert ;;Fabiënne Pollaert;;Bennebroekweg 11;;Bennebroekweg;6063 CP;11;;Vlodrop;NLD;658916457;;fabienne.pollaert@hotmail.com;MEVR.;Fabiënne ;;Pollaert ;;Fabiënne Pollaert;;Bennebroekweg 11;;Bennebroekweg;6063 CP;11;;Vlodrop;NLD;658916457;;fabienne.pollaert@hotmail.com;;MEVR.;Fabiënne ;;Pollaert ;;Fabiënne Pollaert;;Bennebroekweg 11;;Bennebroekweg;6063 CP;11;;Vlodrop;NLD;658916457;;fabienne.pollaert@hotmail.com;25-1-2020;00:14:09
WO20-03074;C2004126946;C2004126946;MEVR.;Nesrin;;El Yaâgoubi;;Nesrin El Yaâgoubi;;Rentmeestersveld 15;;Rentmeestersveld;7327 HA;15;;Apeldoorn;NLD;624911267;;nesrin_93@hotmail.com;MEVR.;Nesrin;;El Yaâgoubi;;Nesrin El Yaâgoubi;;Rentmeestersveld 15;;Rentmeestersveld;7327 HA;15;;Apeldoorn;NLD;624911267;;nesrin_93@hotmail.com;;MEVR.;Nesrin;;El Yaâgoubi;;Nesrin El Yaâgoubi;;Rentmeestersveld 15;;Rentmeestersveld;7327 HA;15;;Apeldoorn;NLD;624911267;;nesrin_93@hotmail.com;25-1-2020;00:16:33
WO20-03075;C2004126947;C2004126947;MEVR.;Shirley;;Rosmalen ;;Shirley Rosmalen;;Lagunesingel 74;;Lagunesingel;6642 EB;74;;Beuningen;NLD;;;shirleyrosmalen@hotmail.com;MEVR.;Shirley;;Rosmalen ;;Shirley Rosmalen;;Lagunesingel 74;;Lagunesingel;6642 EB;74;;Beuningen;NLD;;;shirleyrosmalen@hotmail.com;;MEVR.;Shirley;;Rosmalen ;;Shirley Rosmalen;;Lagunesingel 74;;Lagunesingel;6642 EB;74;;Beuningen;NLD;;;shirleyrosmalen@hotmail.com;25-1-2020;00:17:08
WO20-03076;F2004126948;F2004126948;MEVR.;Milou;;Braakhuis;;Milou Braakhuis;;Melis Stokelaan 13;;Melis Stokelaan;2533 CM;13;;'s-Gravenhage;NLD;637346739;;miloubraakhuis@hotmail.com;MEVR.;Milou;;Braakhuis;;Milou Braakhuis;;Melis Stokelaan 13;;Melis Stokelaan;2533 CM;13;;'s-Gravenhage;NLD;637346739;;miloubraakhuis@hotmail.com;;MEVR.;Milou;;Braakhuis;;Milou Braakhuis;;Melis Stokelaan 13;;Melis Stokelaan;2533 CM;13;;'s-Gravenhage;NLD;637346739;;miloubraakhuis@hotmail.com;25-1-2020;01:11:36
WO20-03077;C2004126951;C2004126951;MEVR.;Helene;;Bejczy;;Helene Bejczy;;St. Servatiusweg 129;;St. Servatiusweg;5803 AD;129;;Venray;NLD;613405250;;helenemarianne@hotmail.com;MEVR.;Helene;;Bejczy;;Helene Bejczy;;St. Servatiusweg 129;;St. Servatiusweg;5803 AD;129;;Venray;NLD;613405250;;helenemarianne@hotmail.com;;MEVR.;Helene;;Bejczy;;Helene Bejczy;;St. Servatiusweg 129;;St. Servatiusweg;5803 AD;129;;Venray;NLD;613405250;;helenemarianne@hotmail.com;25-1-2020;03:13:30
WO20-03078;C2004126952;C2004126952;MEVR.;Veronica;Van;Balen;;Veronica Van Balen;;De Herfstdraad 6;;De Herfstdraad;3823 CS;6;;Amersfoort;NLD;;;veronicavbln@gmail.com;MEVR.;Veronica;Van;Balen;;Veronica Van Balen;;De Herfstdraad 6;;De Herfstdraad;3823 CS;6;;Amersfoort;NLD;;;veronicavbln@gmail.com;;MEVR.;Veronica;Van;Balen;;Veronica Van Balen;;De Herfstdraad 6;;De Herfstdraad;3823 CS;6;;Amersfoort;NLD;;;veronicavbln@gmail.com;25-1-2020;05:10:34
WO20-03079;C2004126953;C2004126953;MEVR.;eline;;tromp;;eline tromp;;Luiten Ambachtstraat 50;;Luiten Ambachtstraat ;4944 AT;50;;Raamsdonk;NLD;681565576;;elinetrompvrielink@gmail.com;MEVR.;eline;;tromp;;eline tromp;;Luiten Ambachtstraat  50;;Luiten Ambachtstraat ;4944 AT;50;;Raamsdonk;NLD;681565576;;elinetrompvrielink@gmail.com;;MEVR.;eline;;tromp;;eline tromp;;Luiten Ambachtstraat 50;;Luiten Ambachtstraat ;4944 AT;50;;Raamsdonk;NLD;681565576;;elinetrompvrielink@gmail.com;25-1-2020;07:56:58
WO20-03080;F2004126954;F2004126954;MEVR.;Maaike;;Goedman;;Maaike Goedman;;Marsweg 74;;Marsweg;5345 LN;74;;Oss;NLD;611912422;;maaikegoedman@filiosscholengroep.nl;MEVR.;Maaike;;Goedman;;Maaike Goedman;;Marsweg 74;;Marsweg;5345 LN;74;;Oss;NLD;611912422;;maaikegoedman@filiosscholengroep.nl;;MEVR.;Maaike;;Goedman;;Maaike Goedman;;Marsweg 74;;Marsweg;5345 LN;74;;Oss;NLD;611912422;;maaikegoedman@filiosscholengroep.nl;25-1-2020;08:10:43
WO20-03081;C2004126955;C2004126955;DHR.;Robert ;;van Rijsbergen ;;Robert van Rijsbergen;;Linksachterstraat 9;;Linksachterstraat;1433 DJ;9;;Kudelstaart;NLD;;;robertrijsbergen@chello.nl;DHR.;Robert ;;van Rijsbergen ;;Robert van Rijsbergen;;Linksachterstraat 9;;Linksachterstraat;1433 DJ;9;;Kudelstaart;NLD;;;robertrijsbergen@chello.nl;;DHR.;Robert ;;van Rijsbergen ;;Robert van Rijsbergen;;Linksachterstraat 9;;Linksachterstraat;1433 DJ;9;;Kudelstaart;NLD;;;robertrijsbergen@chello.nl;25-1-2020;09:24:05
WO20-03082;C2004126956;C2004126956;MEVR.;I;;Hof;;I Hof;;Brink 39;;Brink;9401 HV;39;;Assen;NLD;;;imrehof@hotmail.com;MEVR.;I;;Hof;;I Hof;;Brink 39;;Brink;9401 HV;39;;Assen;NLD;;;imrehof@hotmail.com;;MEVR.;I;;Hof;;I Hof;;Brink 39;;Brink;9401 HV;39;;Assen;NLD;;;imrehof@hotmail.com;25-1-2020;09:33:21
WO20-03083;C2004126957;C2004126957;MEVR.;Angelique;van den;Boogaard;;Angelique van den Boogaard;;Waterkolk 6;;Waterkolk;7642 JR;6;;Wierden;NLD;651845544;;angeliquevdb1969@gmail.com;MEVR.;Angelique;van den;Boogaard;;Angelique van den Boogaard;;Waterkolk 6;;Waterkolk;7642 JR;6;;Wierden;NLD;651845544;;angeliquevdb1969@gmail.com;;MEVR.;Angelique;van den;Boogaard;;Angelique van den Boogaard;;Waterkolk 6;;Waterkolk;7642 JR;6;;Wierden;NLD;651845544;;angeliquevdb1969@gmail.com;25-1-2020;09:47:38
WO20-03084;B200434742;B200434742;DHR.;harry;;engels;;harry engels;;a.roncallilaan 34;;a.roncallilaan;2610;34;;wilrijk ;BEL;;;harry.engels@telenet.be;DHR.;harry;;engels;;harry engels;;a.roncallilaan 34;;a.roncallilaan;2610;34;;wilrijk ;BEL;;;harry.engels@telenet.be;;DHR.;harry;;engels;;harry engels;;a.roncallilaan 34;;a.roncallilaan;2610;34;;wilrijk ;BEL;;;harry.engels@telenet.be;25-1-2020;10:07:15
WO20-03085;C2004126958;C2004126958;DHR.;Levy;;Pattipeilohy-Willems;;Levy Pattipeilohy-Willems;;Bertram 53;;Bertram;1422 RV;53;;Uithoorn;NLD;;;lypatti05@gmail.com;DHR.;Levy;;Pattipeilohy-Willems;;Levy Pattipeilohy-Willems;;Bertram 53;;Bertram;1422 RV;53;;Uithoorn;NLD;;;lypatti05@gmail.com;;DHR.;Levy;;Pattipeilohy-Willems;;Levy Pattipeilohy-Willems;;Bertram 53;;Bertram;1422 RV;53;;Uithoorn;NLD;;;lypatti05@gmail.com;25-1-2020;10:52:30
WO20-03086;C2004126959;C2004126959;MEVR.;Diana;;Janssen;;Diana Janssen;;Watering 17;;Watering;1693 DP;17;;Wervershoof;NLD;621688076;;janjanssen@quicknet.nl;MEVR.;Diana;;Janssen;;Diana Janssen;;Watering 17;;Watering;1693 DP;17;;Wervershoof;NLD;621688076;;janjanssen@quicknet.nl;;MEVR.;Diana;;Janssen;;Diana Janssen;;Watering 17;;Watering;1693 DP;17;;Wervershoof;NLD;621688076;;janjanssen@quicknet.nl;25-1-2020;11:13:00
WO20-03087;C2004126960;C2004126960;DHR.;Ricky;;Jagesser;;Ricky Jagesser;;Boekweitakker 48;;Boekweitakker;2723 VZ;48;;Zoetermeer;NLD;;;rrjagesser@hotmail.com;DHR.;Ricky;;Jagesser;;Ricky Jagesser;;Boekweitakker 48;;Boekweitakker;2723 VZ;48;;Zoetermeer;NLD;;;rrjagesser@hotmail.com;;DHR.;Ricky;;Jagesser;;Ricky Jagesser;;Boekweitakker 48;;Boekweitakker;2723 VZ;48;;Zoetermeer;NLD;;;rrjagesser@hotmail.com;25-1-2020;12:04:49
WO20-03088;F2004126961;F2004126961;MEVR.;Daphne;;Wesselink;;Daphne Wesselink;;Jagershof 87;;Jagershof;7064 DG;87;;Silvolde;NLD;621913057;;daffiewesselink@hotmail.nl;MEVR.;Daphne;;Wesselink;;Daphne Wesselink;;Jagershof 87;;Jagershof;7064 DG;87;;Silvolde;NLD;621913057;;daffiewesselink@hotmail.nl;;MEVR.;Daphne;;Wesselink;;Daphne Wesselink;;Jagershof 87;;Jagershof;7064 DG;87;;Silvolde;NLD;621913057;;daffiewesselink@hotmail.nl;25-1-2020;12:16:18
WO20-03089;C2004126962;C2004126962;DHR.;Rhys;;Hoppen;;Rhys Hoppen;;Steenlaan 70;;Steenlaan;2282 BE;70;;Rijswijk;NLD;620966213;;hoppenrhys@hotmail.com;DHR.;Rhys;;Hoppen;;Rhys Hoppen;;Steenlaan 70;;Steenlaan;2282 BE;70;;Rijswijk;NLD;620966213;;hoppenrhys@hotmail.com;;DHR.;Rhys;;Hoppen;;Rhys Hoppen;;Steenlaan 70;;Steenlaan;2282 BE;70;;Rijswijk;NLD;620966213;;hoppenrhys@hotmail.com;25-1-2020;12:33:39
WO20-03090;C2004126964;C2004126964;MEVR.;Joyce;;Jansen;;Joyce Jansen;;Tureluur 19;;Tureluur;4617 JP;19;;Bergen op Zoom;NLD;;;joycejansenboz@hotmail.com;MEVR.;Joyce;;Jansen;;Joyce Jansen;;Tureluur 19;;Tureluur;4617 JP;19;;Bergen op Zoom;NLD;;;joycejansenboz@hotmail.com;;MEVR.;Joyce;;Jansen;;Joyce Jansen;;Tureluur 19;;Tureluur;4617 JP;19;;Bergen op Zoom;NLD;;;joycejansenboz@hotmail.com;25-1-2020;12:40:31
WO20-03091;C2004126963;C2004126963;MEVR.;jannemieke;;Aarts;;jannemieke Aarts;;Leharstraat 36;;Leharstraat;5384 CS;36;;Heesch;NLD;;;jannemieke_aarts@hotmail.com;MEVR.;jannemieke;;Aarts;;jannemieke Aarts;;Leharstraat 36;;Leharstraat;5384 CS;36;;Heesch;NLD;;;jannemieke_aarts@hotmail.com;;MEVR.;jannemieke;;Aarts;;jannemieke Aarts;;Leharstraat 36;;Leharstraat;5384 CS;36;;Heesch;NLD;;;jannemieke_aarts@hotmail.com;25-1-2020;12:34:16
WO20-03092;C2004126965;C2004126965;DHR.;Thomas;;Weinholt;;Thomas Weinholt;;Michaelplein 42;;Michaelplein;1115 CL;42;;Duivendrecht;NLD;612510695;;tweinholt@hotmail.com;DHR.;Thomas;;Weinholt;;Thomas Weinholt;;Michaelplein 42;;Michaelplein;1115 CL;42;;Duivendrecht;NLD;612510695;;tweinholt@hotmail.com;;DHR.;Thomas;;Weinholt;;Thomas Weinholt;;Michaelplein 42;;Michaelplein;1115 CL;42;;Duivendrecht;NLD;612510695;;tweinholt@hotmail.com;25-1-2020;12:41:01
WO20-03093;C2004126966;C2004126966;DHR.;Tom;;Plusje;;Tom Plusje;;Van Baerlestraat 93/2;;Van Baerlestraat;1071 AT;93;;Amsterdam;NLD;;;tompluis@live.nl;DHR.;Tom;;Plusje;;Tom Plusje;;Van Baerlestraat 93;;Van Baerlestraat;1071 AT;93;;Amsterdam;NLD;;;tompluis@live.nl;;DHR.;Tom;;Plusje;;Tom Plusje;;Van Baerlestraat 93/2;;Van Baerlestraat;1071 AT;93;;Amsterdam;NLD;;;tompluis@live.nl;25-1-2020;13:01:03
WO20-03094;C2004126968;C2004126968;DHR.;H;;Antwerpen;;H Antwerpen;;Donderslaan 90;;Donderslaan;9728 KT;90;;Groningen;NLD;;;c.rave1994@gmail.com;DHR.;H;;Antwerpen;;H Antwerpen;;Donderslaan 90;;Donderslaan;9728 KT;90;;Groningen;NLD;;;c.rave1994@gmail.com;;DHR.;H;;Antwerpen;;H Antwerpen;;Donderslaan 90;;Donderslaan;9728 KT;90;;Groningen;NLD;;;c.rave1994@gmail.com;25-1-2020;13:11:15
WO20-03095;B200434743;B200434743;DHR.;Danny;;Lavreysen;;Danny Lavreysen;;Hoger-Opstraat 8;;Hoger-Opstraat;3700;8;;Tongeren;BEL;471534690;;Danny.lavreysen@gmail.com;DHR.;Danny;;Lavreysen;;Danny Lavreysen;;Hoger-Opstraat 8;;Hoger-Opstraat;3700;8;;Tongeren;BEL;471534690;;Danny.lavreysen@gmail.com;;DHR.;Danny;;Lavreysen;;Danny Lavreysen;;Hoger-Opstraat 8;;Hoger-Opstraat;3700;8;;Tongeren;BEL;471534690;;Danny.lavreysen@gmail.com;25-1-2020;13:10:49
WO20-03096;C2004126972;C2004126972;MEVR.;Henk;;Lammerts;;Henk Lammerts;;Naweg 34;;Naweg;9463 PJ;34;;Eext;NLD;;;liont7828@gmail.com;MEVR.;Henk;;Lammerts;;Henk Lammerts;;Naweg 34;;Naweg;9463 PJ;34;;Eext;NLD;;;liont7828@gmail.com;;MEVR.;Henk;;Lammerts;;Henk Lammerts;;Naweg 34;;Naweg;9463 PJ;34;;Eext;NLD;;;liont7828@gmail.com;25-1-2020;13:33:28
WO20-03097;C2004126973;C2004126973;MEVR.;Paulien;;Stelleman;;Paulien Stelleman;;Herengracht 70;;Herengracht;1398 AD;70;;Muiden;NLD;651921422;;paulienstelleman@gmail.com;MEVR.;Paulien;;Stelleman;;Paulien Stelleman;;Herengracht 70;;Herengracht;1398 AD;70;;Muiden;NLD;651921422;;paulienstelleman@gmail.com;;MEVR.;Paulien;;Stelleman;;Paulien Stelleman;;Herengracht 70;;Herengracht;1398 AD;70;;Muiden;NLD;651921422;;paulienstelleman@gmail.com;25-1-2020;13:57:40
WO20-03098;C2004126974;C2004126974;DHR.;Bas;De;Groot;;Bas De Groot;;Schepersweg 3;;Schepersweg;5401 PD;3;;Uden;NLD;;;baserrup@gmail.com;DHR.;Bas;De;Groot;;Bas De Groot;;Schepersweg 3;;Schepersweg;5401 PD;3;;Uden;NLD;;;baserrup@gmail.com;;DHR.;Bas;De;Groot;;Bas De Groot;;Schepersweg 3;;Schepersweg;5401 PD;3;;Uden;NLD;;;baserrup@gmail.com;25-1-2020;14:13:00
WO20-03099;C2004126976;C2004126976;MEVR.;Tamira;;Ouderland;;Tamira Ouderland;;Johan Greivestraat 35/1hg;;Johan Greivestraat;1061 AS;35;;Amsterdam;NLD;640273540;;soufyan_1410@hotmail.nl;MEVR.;Tamira;;Ouderland;;Tamira Ouderland;;Johan Greivestraat 35;;Johan Greivestraat;1061 AS;35;;Amsterdam;NLD;640273540;;soufyan_1410@hotmail.nl;;MEVR.;Tamira;;Ouderland;;Tamira Ouderland;;Johan Greivestraat 35/1hg;;Johan Greivestraat;1061 AS;35;;Amsterdam;NLD;640273540;;soufyan_1410@hotmail.nl;25-1-2020;14:34:20
WO20-03100;C2004126977;C2004126977;MEVR.;Linda;van;Kessel;;Linda van Kessel;;Liekendonk 8;;Liekendonk;5473 BG;8;;Heeswijk-Dinther;NLD;;;lindavankessel68@gmail.com;MEVR.;Linda;van;Kessel;;Linda van Kessel;;Liekendonk 8;;Liekendonk;5473 BG;8;;Heeswijk-Dinther;NLD;;;lindavankessel68@gmail.com;;MEVR.;Linda;van;Kessel;;Linda van Kessel;;Liekendonk 8;;Liekendonk;5473 BG;8;;Heeswijk-Dinther;NLD;;;lindavankessel68@gmail.com;25-1-2020;14:40:51
WO20-03101;C2004126978;C2004126978;MEVR.;Kimberly;;Stephanus;;Kimberly Stephanus;;Vogeldreef 24;;Vogeldreef;2727 AM;24;;Zoetermeer;NLD;;;kimberly_stephanus@hotmail.com;MEVR.;Kimberly;;Stephanus;;Kimberly Stephanus;;Vogeldreef 24;;Vogeldreef;2727 AM;24;;Zoetermeer;NLD;;;kimberly_stephanus@hotmail.com;;MEVR.;Kimberly;;Stephanus;;Kimberly Stephanus;;Vogeldreef 24;;Vogeldreef;2727 AM;24;;Zoetermeer;NLD;;;kimberly_stephanus@hotmail.com;25-1-2020;14:41:36
WO20-03102;C2004126979;C2004126979;MEVR.;F.l.m;;Scheltema;;F.l.m Scheltema;;Theo Thijssensingel 27;;Theo Thijssensingel;2652 HM;27;;Berkel En Rodenrijs;NLD;;;paulscheltema@hotmail.com;MEVR.;F.l.m;;Scheltema;;F.l.m Scheltema;;Theo Thijssensingel 27;;Theo Thijssensingel;2652 HM;27;;Berkel En Rodenrijs;NLD;;;paulscheltema@hotmail.com;;MEVR.;F.l.m;;Scheltema;;F.l.m Scheltema;;Theo Thijssensingel 27;;Theo Thijssensingel;2652 HM;27;;Berkel En Rodenrijs;NLD;;;paulscheltema@hotmail.com;25-1-2020;14:43:35
WO20-03103;C2004126980;C2004126980;MEVR.;Huub;;Vaars;;Huub Vaars;;Mercuriuslaan 72;;Mercuriuslaan;5632 EB;72;;Eindhoven;NLD;;;lievehuub@gmail.com;MEVR.;Huub;;Vaars;;Huub Vaars;;Mercuriuslaan 72;;Mercuriuslaan;5632 EB;72;;Eindhoven;NLD;;;lievehuub@gmail.com;;MEVR.;Huub;;Vaars;;Huub Vaars;;Hoogheem 53;;Hoogheem;5283 BA;53;;Boxtel;NLD;;;lievehuub@gmail.com;25-1-2020;14:59:11
WO20-03104;C2004126981;C2004126981;MEVR.;Henri;;Luth;;Henri Luth;;Achterseweg 10;;Achterseweg;8181 RL;10;;Heerde;NLD;620915305;;henriluth73@gmail.com;MEVR.;Henri;;Luth;;Henri Luth;;Achterseweg 10;;Achterseweg;8181 RL;10;;Heerde;NLD;620915305;;henriluth73@gmail.com;;MEVR.;Henri;;Luth;;Henri Luth;;Achterseweg 10;;Achterseweg;8181 RL;10;;Heerde;NLD;620915305;;henriluth73@gmail.com;25-1-2020;15:02:15
WO20-03105;C2004126982;C2004126982;MEVR.;Maya;den;Haan;;Maya den Haan;;Tarthorst 663;;Tarthorst;6708 HX;663;;Wageningen;NLD;;;mayaxl@live.nl;MEVR.;Maya;den;Haan;;Maya den Haan;;Tarthorst 663;;Tarthorst;6708 HX;663;;Wageningen;NLD;;;mayaxl@live.nl;;MEVR.;Maya;den;Haan;;Maya den Haan;;Tarthorst 663;;Tarthorst;6708 HX;663;;Wageningen;NLD;;;mayaxl@live.nl;25-1-2020;15:02:43
WO20-03106;C2004126983;C2004126983;DHR.;Vickram;;Deolall;;Vickram Deolall;;Jacob Romanstraat 41;;Jacob Romanstraat;4827 HA;41;;Breda;NLD;626760628;;v.deolall@gmail.com;DHR.;Vickram;;Deolall;;Vickram Deolall;;Jacob Romanstraat 41;;Jacob Romanstraat;4827 HA;41;;Breda;NLD;626760628;;v.deolall@gmail.com;;DHR.;Vickram;;Deolall;;Vickram Deolall;;Jacob Romanstraat 41;;Jacob Romanstraat;4827 HA;41;;Breda;NLD;626760628;;v.deolall@gmail.com;25-1-2020;15:07:11
WO20-03107;C2004126984;C2004126984;MEVR.;Huub;;Vaars;;Huub Vaars;;Mercuriuslaan 72;;Mercuriuslaan;5632 EB;72;;Eindhoven;NLD;;;lievehuub@gmail.com;MEVR.;Huub;;Vaars;;Huub Vaars;;Mercuriuslaan 72;;Mercuriuslaan;5632 EB;72;;Eindhoven;NLD;;;lievehuub@gmail.com;;MEVR.;Huub;;Vaars;;Huub Vaars;;Hoogheem 53;;Hoogheem;5283 BA;53;;Boxtel;NLD;;;lievehuub@gmail.com;25-1-2020;15:22:43
WO20-03108;F2004126985;F2004126985;MEVR.;Maria;Anastacio;Garcia;;Maria Anastacio Garcia;;Maasstraat 73;;Maasstraat;1442 RT;73;;Purmerend;NLD;633832363;;jezusleeft30@gmail.com;MEVR.;Maria;Anastacio;Garcia;;Maria Anastacio Garcia;;Maasstraat 73;;Maasstraat;1442 RT;73;;Purmerend;NLD;633832363;;jezusleeft30@gmail.com;;MEVR.;Maria;Anastacio;Garcia;;Maria Anastacio Garcia;;Maasstraat 73;;Maasstraat;1442 RT;73;;Purmerend;NLD;633832363;;jezusleeft30@gmail.com;25-1-2020;15:39:04
WO20-03109;C2004126986;C2004126986;MEVR.;Chantal;;Hartman;;Chantal Hartman;;Zomerpark 5;;Zomerpark;2151 HB;5;;Nieuw-Vennep;NLD;;;chantalbrussee@ziggo.nl;MEVR.;Chantal;;Hartman;;Chantal Hartman;;Zomerpark 5;;Zomerpark;2151 HB;5;;Nieuw-Vennep;NLD;;;chantalbrussee@ziggo.nl;;MEVR.;Chantal;;Hartman;;Chantal Hartman;;Zomerpark 5;;Zomerpark;2151 HB;5;;Nieuw-Vennep;NLD;;;chantalbrussee@ziggo.nl;25-1-2020;15:40:33
WO20-03110;C2004126987;C2004126987;MEVR.;Evelin;;Bueters;;Evelin Bueters;;Woordsesteeg 13;;Woordsesteeg;6605 JB;13;;Wijchen;NLD;;;evelin@evius.nl;MEVR.;Evelin;;Bueters;;Evelin Bueters;;Woordsesteeg 13;;Woordsesteeg;6605 JB;13;;Wijchen;NLD;;;evelin@evius.nl;;MEVR.;Evelin;;Bueters;;Evelin Bueters;;Woordsesteeg 13;;Woordsesteeg;6605 JB;13;;Wijchen;NLD;;;evelin@evius.nl;25-1-2020;15:46:56
WO20-03111;C2004126988;C2004126988;MEVR.;Sabine;Van;Dam;;Sabine Van Dam;;Oranjestraat 31;;Oranjestraat;7701 HG;31;;Dedemsvaart;NLD;;;sabinevandam@hotmail.com;MEVR.;Sabine;Van;Dam;;Sabine Van Dam;;Oranjestraat 31;;Oranjestraat;7701 HG;31;;Dedemsvaart;NLD;;;sabinevandam@hotmail.com;;MEVR.;Sabine;Van;Dam;;Sabine Van Dam;;Oranjestraat 31;;Oranjestraat;7701 HG;31;;Dedemsvaart;NLD;;;sabinevandam@hotmail.com;25-1-2020;16:06:09
WO20-03112;C2004126989;C2004126989;MEVR.;Esther;de;de Weerd;;Esther de de Weerd;;Haveneind 19;;Haveneind;4761 BZ;19;;Zevenbergen;NLD;639856719;;estherdeweerd@hotmail.nl;MEVR.;Esther;de;de Weerd;;Esther de de Weerd;;Haveneind 19;;Haveneind;4761 BZ;19;;Zevenbergen;NLD;639856719;;estherdeweerd@hotmail.nl;;MEVR.;Esther;de;de Weerd;;Esther de de Weerd;;Haveneind 19;;Haveneind;4761 BZ;19;;Zevenbergen;NLD;639856719;;estherdeweerd@hotmail.nl;25-1-2020;16:06:41
WO20-03113;C2004126992;C2004126992;MEVR.;TN;;Van der Berg;;TN Van der Berg;;Vosseveldseweg 8;;Vosseveldseweg;6718 ST;8;;Ede;NLD;630327206;;tnvanderberg@gmsil.com;MEVR.;TN;;Van der Berg;;TN Van der Berg;;Vosseveldseweg 8;;Vosseveldseweg;6718 ST;8;;Ede;NLD;630327206;;tnvanderberg@gmsil.com;;MEVR.;TN;;Van der Berg;;TN Van der Berg;;Vosseveldseweg 8;;Vosseveldseweg;6718 ST;8;;Ede;NLD;630327206;;tnvanderberg@gmsil.com;25-1-2020;16:11:17
WO20-03114;C2004126993;C2004126993;DHR.;Bjorn;;Nijkamp;;Bjorn Nijkamp;;Wolterinkbree 14;;Wolterinkbree;7481 XA;14;;Haaksbergen;NLD;;;bjornnijkamp.nl@gmail.com;DHR.;Bjorn;;Nijkamp;;Bjorn Nijkamp;;Wolterinkbree 14;;Wolterinkbree;7481 XA;14;;Haaksbergen;NLD;;;bjornnijkamp.nl@gmail.com;;DHR.;Bjorn;;Nijkamp;;Bjorn Nijkamp;;Wolterinkbree 14;;Wolterinkbree;7481 XA;14;;Haaksbergen;NLD;;;bjornnijkamp.nl@gmail.com;25-1-2020;16:11:57
WO20-03115;C2004126994;C2004126994;MEVR.;Bart;;Willems;;Bart Willems;;De Alpen 6;;De Alpen;5706 RS;6;;Helmond;NLD;;;bwillems@online.nl;MEVR.;Bart;;Willems;;Bart Willems;;De Alpen 6;;De Alpen;5706 RS;6;;Helmond;NLD;;;bwillems@online.nl;;MEVR.;Bart;;Willems;;Bart Willems;;De Alpen 6;;De Alpen;5706 RS;6;;Helmond;NLD;;;bwillems@online.nl;25-1-2020;16:12:57
WO20-03116;C2004126995;C2004126995;MEVR.;Anouschka;van den ;Broek;;Anouschka van den Broek;;Heremiet 14;;Heremiet;4814 SJ;14;;Breda;NLD;625075645;;noes_kippetje@hotmail.com;MEVR.;Anouschka;van den ;Broek;;Anouschka van den Broek;;Heremiet 14;;Heremiet;4814 SJ;14;;Breda;NLD;625075645;;noes_kippetje@hotmail.com;;MEVR.;Anouschka;van den ;Broek;;Anouschka van den Broek;;Heremiet 14;;Heremiet;4814 SJ;14;;Breda;NLD;625075645;;noes_kippetje@hotmail.com;25-1-2020;16:19:48
WO20-03117;C2004126996;C2004126996;DHR.;F.;;Frederiks;;F. Frederiks;;Dotter 55;;Dotter;1391 SL;55;;Abcoude;NLD;;;ferdi.frederiks@ziggo.nl;DHR.;F.;;Frederiks;;F. Frederiks;;Dotter 55;;Dotter;1391 SL;55;;Abcoude;NLD;;;ferdi.frederiks@ziggo.nl;;DHR.;F.;;Frederiks;;F. Frederiks;;Dotter 55;;Dotter;1391 SL;55;;Abcoude;NLD;;;ferdi.frederiks@ziggo.nl;25-1-2020;16:27:23
WO20-03118;C2004126998;C2004126998;MEVR.;Bianca;van de;Bunt;;Bianca van de Bunt;;Van Kinsbergenstraat 18;;Van Kinsbergenstraat;7311 BM;18;;APELDOORN;NLD;;;biancavandebunt@gmail.com;MEVR.;Bianca;van de;Bunt;;Bianca van de Bunt;;Van Kinsbergenstraat 18;;Van Kinsbergenstraat;7311 BM;18;;APELDOORN;NLD;;;biancavandebunt@gmail.com;;MEVR.;Bianca;van de;Bunt;;Bianca van de Bunt;;Van Kinsbergenstraat 18;;Van Kinsbergenstraat;7311 BM;18;;APELDOORN;NLD;;;biancavandebunt@gmail.com;25-1-2020;16:53:44
WO20-03119;C2004126999;C2004126999;MEVR.;Tessa;;Burghardt;;Tessa Burghardt;;Muldersstraat 51;;Muldersstraat;2321 SC;51;;Leiden;NLD;;;tessa_burghardt@live.nl;MEVR.;Tessa;;Burghardt;;Tessa Burghardt;;Muldersstraat 51;;Muldersstraat;2321 SC;51;;Leiden;NLD;;;tessa_burghardt@live.nl;;MEVR.;Tessa;;Burghardt;;Tessa Burghardt;;Muldersstraat 51;;Muldersstraat;2321 SC;51;;Leiden;NLD;;;tessa_burghardt@live.nl;25-1-2020;17:10:41
WO20-03120;F2004127002;F2004127002;MEVR.;Mariska;;Vermeer;;Mariska Vermeer;;Amsteldijk 92A;;Amsteldijk;1074 JC;92;;Amsterdam;NLD;641183628;;mariskavermeer@live.nl;MEVR.;Mariska;;Vermeer;;Mariska Vermeer;;Amsteldijk 92;;Amsteldijk;1074 JC;92;;Amsterdam;NLD;641183628;;mariskavermeer@live.nl;;MEVR.;Mariska;;Vermeer;;Mariska Vermeer;;Amsteldijk 92A;;Amsteldijk;1074 JC;92;;Amsterdam;NLD;641183628;;mariskavermeer@live.nl;25-1-2020;17:21:20
WO20-03121;C2004127001;C2004127001;MEVR.;Ramona;de;Bruin;;Ramona de Bruin;;Lavasweg 51;;Lavasweg;3193 GB;51;;Hoogvliet Rotterdam;NLD;634174916;;lnoormanvanderdussen@gmail.com;MEVR.;Ramona;de;Bruin;;Ramona de Bruin;;Lavasweg 51;;Lavasweg;3193 GB;51;;Hoogvliet Rotterdam;NLD;634174916;;lnoormanvanderdussen@gmail.com;;MEVR.;Ramona;de;Bruin;;Ramona de Bruin;;Lavasweg 51;;Lavasweg;3193 GB;51;;Hoogvliet Rotterdam;NLD;634174916;;lnoormanvanderdussen@gmail.com;25-1-2020;17:17:18
WO20-03122;C2004127003;C2004127003;MEVR.;Leonie;van;Van Wingerde;;Leonie van Van Wingerde;;Zenostraat 44;;Zenostraat;3076 AV;44;;Rotterdam;NLD;;;nlg_my@hotmail.com;MEVR.;Leonie;van;Van Wingerde;;Leonie van Van Wingerde;;Zenostraat 44;;Zenostraat;3076 AV;44;;Rotterdam;NLD;;;nlg_my@hotmail.com;;MEVR.;Leonie;van;Van Wingerde;;Leonie van Van Wingerde;;Zenostraat 44;;Zenostraat;3076 AV;44;;Rotterdam;NLD;;;nlg_my@hotmail.com;25-1-2020;17:28:27
WO20-03123;C2004127004;C2004127004;MEVR.;Monique;Van; Olderen;;Monique Van Olderen;;Napoleonsweg 110;;Napoleonsweg;6086 AJ;110;;Neer;NLD;646027987;;moonvanolderen@hotmail.com;MEVR.;Monique;Van; Olderen;;Monique Van Olderen;;Napoleonsweg 110;;Napoleonsweg;6086 AJ;110;;Neer;NLD;646027987;;moonvanolderen@hotmail.com;;MEVR.;Monique;Van; Olderen;;Monique Van Olderen;;Napoleonsweg 110;;Napoleonsweg;6086 AJ;110;;Neer;NLD;646027987;;moonvanolderen@hotmail.com;25-1-2020;17:29:14
WO20-03124;B200434745;B200434745;DHR.;Birgen;;Meulemeester;;Birgen Meulemeester;;Stroelputstraat 11;;Stroelputstraat;8210;11;;Veldegem;BEL;479662393;;birgen.meulemeester@telenet.be;DHR.;Birgen;;Meulemeester;;Birgen Meulemeester;;Stroelputstraat 11;;Stroelputstraat;8210;11;;Veldegem;BEL;479662393;;birgen.meulemeester@telenet.be;;DHR.;Birgen;;Meulemeester;;Birgen Meulemeester;;Stroelputstraat 11;;Stroelputstraat;8210;11;;Veldegem;BEL;479662393;;birgen.meulemeester@telenet.be;25-1-2020;17:53:52
WO20-03125;C2004127007;C2004127007;MEVR.;Esther;;Coenen;;Esther Coenen;;Kerkhofweg 67;;Kerkhofweg;4835 GA;67;;Breda;NLD;;;mail@esthercoenen.com;MEVR.;Esther;;Coenen;;Esther Coenen;;Kerkhofweg 67;;Kerkhofweg;4835 GA;67;;Breda;NLD;;;mail@esthercoenen.com;;MEVR.;Esther;;Coenen;;Esther Coenen;;Kerkhofweg 67;;Kerkhofweg;4835 GA;67;;Breda;NLD;;;mail@esthercoenen.com;25-1-2020;18:11:28
WO20-03126;C2004127009;C2004127009;MEVR.;Maaike;;Beerens;;Maaike Beerens;;Orion 30;;Orion;5527 CR;30;;Hapert;NLD;;;robenmaaikebeerens@gmail.com;MEVR.;Maaike;;Beerens;;Maaike Beerens;;Orion 30;;Orion;5527 CR;30;;Hapert;NLD;;;robenmaaikebeerens@gmail.com;;MEVR.;Maaike;;Beerens;;Maaike Beerens;;Orion 30;;Orion;5527 CR;30;;Hapert;NLD;;;robenmaaikebeerens@gmail.com;25-1-2020;18:16:55
WO20-03127;C2004127010;C2004127010;MEVR.;Claudia;;Leusink;;Claudia Leusink;;Dopheidebeemd 12;;Dopheidebeemd;5551 HM;12;;Valkenswaard;NLD;;;John.wilbers@kpnmail.nl;MEVR.;Claudia;;Leusink;;Claudia Leusink;;Dopheidebeemd 12;;Dopheidebeemd;5551 HM;12;;Valkenswaard;NLD;;;John.wilbers@kpnmail.nl;;MEVR.;Claudia;;Leusink;;Claudia Leusink;;Dopheidebeemd 12;;Dopheidebeemd;5551 HM;12;;Valkenswaard;NLD;;;John.wilbers@kpnmail.nl;25-1-2020;18:17:27
WO20-03128;C2004127012;C2004127012;MEVR.;T;van;Dalen;;T van Dalen;;Orionlaan 12;;Orionlaan;7771 EK;12;;HARDENBERG;NLD;;;vandalen.i@hotmail.com;MEVR.;T;van;Dalen;;T van Dalen;;Orionlaan 12;;Orionlaan;7771 EK;12;;HARDENBERG;NLD;;;vandalen.i@hotmail.com;;MEVR.;T;van;Dalen;;T van Dalen;;Orionlaan 12;;Orionlaan;7771 EK;12;;HARDENBERG;NLD;;;vandalen.i@hotmail.com;25-1-2020;18:27:11
WO20-03129;C2004127015;C2004127015;MEVR.;Kim;;Buijsman;;Kim Buijsman;;Spireastraat 39;;Spireastraat;3053 DX;39;;Rotterdam;NLD;636452954;;kimberleybuijsman@hotmail.com;MEVR.;Kim;;Buijsman;;Kim Buijsman;;Spireastraat 39;;Spireastraat;3053 DX;39;;Rotterdam;NLD;636452954;;kimberleybuijsman@hotmail.com;;MEVR.;Kim;;Buijsman;;Kim Buijsman;;Spireastraat 39;;Spireastraat;3053 DX;39;;Rotterdam;NLD;636452954;;kimberleybuijsman@hotmail.com;25-1-2020;18:43:57
WO20-03130;C2004127016;C2004127016;MEVR.;Nelleke;van den ;Berg;;Nelleke van den Berg;;Laan van Wateringse Veld 437;;Laan van Wateringse Veld;2548 BM;437;;'s-Gravenhage;NLD;626174641;;nelleke.vandenberg@gmail.com;MEVR.;Nelleke;van den ;Berg;;Nelleke van den Berg;;Laan van Wateringse Veld 437;;Laan van Wateringse Veld;2548 BM;437;;'s-Gravenhage;NLD;626174641;;nelleke.vandenberg@gmail.com;;MEVR.;Nelleke;van den ;Berg;;Nelleke van den Berg;;Laan van Wateringse Veld 437;;Laan van Wateringse Veld;2548 BM;437;;'s-Gravenhage;NLD;626174641;;nelleke.vandenberg@gmail.com;25-1-2020;18:48:52
WO20-03131;F2004127018;F2004127018;MEVR.;Jovita;;Bos ;;Jovita Bos;;Onderlangs 85;;Onderlangs;1097 ZP;85;;Amsterdam;NLD;;;jovitabos@gmail.com;MEVR.;Jovita;;Bos ;;Jovita Bos;;Onderlangs 85;;Onderlangs;1097 ZP;85;;Amsterdam;NLD;;;jovitabos@gmail.com;;MEVR.;Jovita;;Bos ;;Jovita Bos;;Onderlangs 85;;Onderlangs;1097 ZP;85;;Amsterdam;NLD;;;jovitabos@gmail.com;25-1-2020;19:07:39
WO20-03132;F2004127019;F2004127019;DHR.;Advers;;Paulina;;Advers Paulina;;Middellandplein 38a;;Middellandplein;3021 BW;38;;Rotterdam;NLD;650622353;;advers25@hotmail.com;DHR.;Advers;;Paulina;;Advers Paulina;;Middellandplein 38;;Middellandplein;3021 BW;38;;Rotterdam;NLD;650622353;;advers25@hotmail.com;;DHR.;Advers;;Paulina;;Advers Paulina;;Dilledonk-Zuid 90;;Dilledonk-Zuid;3206 PC;90;;Spijkenisse;NLD;650622353;;advers25@hotmail.com;25-1-2020;19:09:41
WO20-03133;C2004127017;C2004127017;DHR.;Rob;;Klis;;Rob Klis;;Heereweg 117;;Heereweg;1871 ED;117;;Schoorl;NLD;;;robkl@live.com;DHR.;Rob;;Klis;;Rob Klis;;Heereweg 117;;Heereweg;1871 ED;117;;Schoorl;NLD;;;robkl@live.com;;DHR.;Rob;;Klis;;Rob Klis;;Heereweg 117;;Heereweg;1871 ED;117;;Schoorl;NLD;;;robkl@live.com;25-1-2020;19:04:44
WO20-03134;F2004127031;F2004127031;MEVR.;Erik;;Gongriep;;Erik Gongriep;;Schaardijk 44;;Schaardijk;1446 EK;44;;Purmerend;NLD;642583937;;l_e_gongriep@hotmail.com;MEVR.;Erik;;Gongriep;;Erik Gongriep;;Schaardijk 44;;Schaardijk;1446 EK;44;;Purmerend;NLD;642583937;;l_e_gongriep@hotmail.com;;MEVR.;Erik;;Gongriep;;Erik Gongriep;;Schaardijk 44;;Schaardijk;1446 EK;44;;Purmerend;NLD;642583937;;l_e_gongriep@hotmail.com;25-1-2020;19:22:49
WO20-03135;C2004127027;C2004127027;MEVR.;Marielle;Den;Houting;;Marielle Den Houting;;Saffier 31;;Saffier;6922 NJ;31;;Duiven;NLD;622135545;;m.houting3@kpnmail.nl;MEVR.;Marielle;Den;Houting;;Marielle Den Houting;;Saffier 31;;Saffier;6922 NJ;31;;Duiven;NLD;622135545;;m.houting3@kpnmail.nl;;MEVR.;Marielle;Den;Houting;;Marielle Den Houting;;Saffier 31;;Saffier;6922 NJ;31;;Duiven;NLD;622135545;;m.houting3@kpnmail.nl;25-1-2020;19:19:45
WO20-03136;C2004127030;C2004127030;MEVR.;Dewi;;De groote;;Dewi De groote;;Waterman 12;;Waterman;9602 MT;12;;Hoogezand;NLD;682825220;;dewi_degroote@live.nl;MEVR.;Dewi;;De groote;;Dewi De groote;;Waterman 12;;Waterman;9602 MT;12;;Hoogezand;NLD;682825220;;dewi_degroote@live.nl;;MEVR.;Dewi;;De groote;;Dewi De groote;;Waterman 12;;Waterman;9602 MT;12;;Hoogezand;NLD;682825220;;dewi_degroote@live.nl;25-1-2020;19:21:39
WO20-03137;C2004127032;C2004127032;MEVR.;Simone;;De leeuw;;Simone De leeuw;;'s-Gravenweg 305;;'s-Gravenweg;2905 LB;305;;Capelle aan den IJssel;NLD;;;bsdl@me.com;MEVR.;Simone;;De leeuw;;Simone De leeuw;;'s-Gravenweg 305;;'s-Gravenweg;2905 LB;305;;Capelle aan den IJssel;NLD;;;bsdl@me.com;;MEVR.;Simone;;De leeuw;;Simone De leeuw;;'s-Gravenweg 305;;'s-Gravenweg;2905 LB;305;;Capelle aan den IJssel;NLD;;;bsdl@me.com;25-1-2020;19:23:12
WO20-03138;C2004127037;C2004127037;MEVR.;Marjan;;Boomsma;;Marjan Boomsma;;Johan Willem Frisostraat 43;;Johan Willem Frisostraat;8606 CS;43;;Sneek;NLD;653438734;;Marjanboomsma@hotmail.com;MEVR.;Marjan;;Boomsma;;Marjan Boomsma;;Johan Willem Frisostraat 43;;Johan Willem Frisostraat;8606 CS;43;;Sneek;NLD;653438734;;Marjanboomsma@hotmail.com;;MEVR.;Marjan;;Boomsma;;Marjan Boomsma;;Johan Willem Frisostraat 43;;Johan Willem Frisostraat;8606 CS;43;;Sneek;NLD;653438734;;Marjanboomsma@hotmail.com;25-1-2020;19:29:02
WO20-03139;C2004127034;C2004127034;MEVR.;Isa;Van;Leeuwen;;Isa Van Leeuwen;;Kortenaerstraat 3A;;Kortenaerstraat;9726 HJ;3;;Groningen;NLD;;;isa.sophievanleeuwen@yahoo.com;MEVR.;Isa;Van;Leeuwen;;Isa Van Leeuwen;;Kortenaerstraat 3;;Kortenaerstraat;9726 HJ;3;;Groningen;NLD;;;isa.sophievanleeuwen@yahoo.com;;MEVR.;Isa;Van;Leeuwen;;Isa Van Leeuwen;;Kortenaerstraat 3A;;Kortenaerstraat;9726 HJ;3;;Groningen;NLD;;;isa.sophievanleeuwen@yahoo.com;25-1-2020;19:27:03
WO20-03140;C2004127038;C2004127038;MEVR.;J;de;Vos;;J de Vos;;Wezuperstraat 20;;Wezuperstraat;7852 TG;20;;Wezup;NLD;642531107;;joska_dsc@hotmail.com;MEVR.;J;de;Vos;;J de Vos;;Wezuperstraat 20;;Wezuperstraat;7852 TG;20;;Wezup;NLD;642531107;;joska_dsc@hotmail.com;;MEVR.;J;de;Vos;;J de Vos;;Wezuperstraat 20;;Wezuperstraat;7852 TG;20;;Wezup;NLD;642531107;;joska_dsc@hotmail.com;25-1-2020;19:40:48
WO20-03141;C2004127039;C2004127039;MEVR.;Rianne ;;Jongen-Stassen ;;Rianne Jongen-Stassen;;Doctor Beckersstraat 33;;Doctor Beckersstraat;6191 DA;33;;Beek;NLD;625370144;;purple-lady@live.nl;MEVR.;Rianne ;;Jongen-Stassen ;;Rianne Jongen-Stassen;;Doctor Beckersstraat 33;;Doctor Beckersstraat;6191 DA;33;;Beek;NLD;625370144;;purple-lady@live.nl;;MEVR.;Rianne ;;Jongen-Stassen ;;Rianne Jongen-Stassen;;Doctor Beckersstraat 33;;Doctor Beckersstraat;6191 DA;33;;Beek;NLD;625370144;;purple-lady@live.nl;25-1-2020;19:41:30
WO20-03142;C2004127040;C2004127040;MEVR.;Rianne ;;Jongen-Stassen ;;Rianne Jongen-Stassen;;Doctor Beckersstraat 33;;Doctor Beckersstraat;6191 DA;33;;Beek;NLD;625370144;;purple-lady@live.nl;MEVR.;Rianne ;;Jongen-Stassen ;;Rianne Jongen-Stassen;;Doctor Beckersstraat 33;;Doctor Beckersstraat;6191 DA;33;;Beek;NLD;625370144;;purple-lady@live.nl;;MEVR.;Rianne ;;Jongen-Stassen ;;Rianne Jongen-Stassen;;Doctor Beckersstraat 33;;Doctor Beckersstraat;6191 DA;33;;Beek;NLD;625370144;;purple-lady@live.nl;25-1-2020;19:41:35
WO20-03143;B200434746;B200434746;MEVR.;Christina;;Bijnens;;Christina Bijnens;;Loerstraat 13;;Loerstraat;3530;13;;Houthalen-Helchteren;BEL;472126704;;animalxrescue@gmail.com;MEVR.;Christina;;Bijnens;;Christina Bijnens;;Loerstraat 13;;Loerstraat;3530;13;;Houthalen-Helchteren;BEL;472126704;;animalxrescue@gmail.com;;MEVR.;Christina;;Bijnens;;Christina Bijnens;;Loerstraat 13;;Loerstraat;3530;13;;Houthalen-Helchteren;BEL;472126704;;animalxrescue@gmail.com;25-1-2020;19:31:02
WO20-03144;C2004127041;C2004127041;MEVR.;H;;Beimers;;H Beimers;;van Harenstraat 144;;van Harenstraat;9076 CA;144;;St.-Annaparochie;NLD;;;h.beimers@hotmail.com;MEVR.;H;;Beimers;;H Beimers;;van Harenstraat 144;;van Harenstraat;9076 CA;144;;St.-Annaparochie;NLD;;;h.beimers@hotmail.com;;MEVR.;H;;Beimers;;H Beimers;;van Harenstraat 144;;van Harenstraat;9076 CA;144;;St.-Annaparochie;NLD;;;h.beimers@hotmail.com;25-1-2020;19:48:06
WO20-03145;C2004127046;C2004127046;DHR.;Daniel;;Schultz;;Daniel Schultz;;Oude Singel 346;;Oude Singel;2312 RK;346;;Leiden;NLD;;;kiwidanny@hotmail.com;DHR.;Daniel;;Schultz;;Daniel Schultz;;Oude Singel 346;;Oude Singel;2312 RK;346;;Leiden;NLD;;;kiwidanny@hotmail.com;;DHR.;Daniel;;Schultz;;Daniel Schultz;;Oude Singel 346;;Oude Singel;2312 RK;346;;Leiden;NLD;;;kiwidanny@hotmail.com;25-1-2020;20:08:12
WO20-03146;C2004127047;C2004127047;MEVR.;C.J.;van der ;Pol;;C.J. van der Pol;;Boeierstraat 95;;Boeierstraat;1443 EE;95;;Purmerend;NLD;;;rubio2010@live.nl;MEVR.;C.J.;van der ;Pol;;C.J. van der Pol;;Boeierstraat 95;;Boeierstraat;1443 EE;95;;Purmerend;NLD;;;rubio2010@live.nl;;MEVR.;C.J.;van der ;Pol;;C.J. van der Pol;;John F. Kennedyplein 11-13;;John F. Kennedyplein;1443 EA;nov-13;;Purmerend;NLD;;;rubio2010@live.nl;25-1-2020;20:24:09
WO20-03147;C2004127048;C2004127048;MEVR.;Christianne;ter ;Berg;;Christianne ter Berg;;Schoterweg 92RD;;Schoterweg;2021 HR;92;;Haarlem;NLD;;;christb@hotmail.nl;MEVR.;Christianne;ter ;Berg;;Christianne ter Berg;;Schoterweg 92;;Schoterweg;2021 HR;92;;Haarlem;NLD;;;christb@hotmail.nl;;MEVR.;Christianne;ter ;Berg;;Christianne ter Berg;;Schoterweg 92RD;;Schoterweg;2021 HR;92;;Haarlem;NLD;;;christb@hotmail.nl;25-1-2020;20:33:38
WO20-03148;C2004127049;C2004127049;MEVR.;Natalie;;Vet;;Natalie Vet;;Herengracht 37;;Herengracht;1506 DM;37;;Zaandam;NLD;622701706;;natalievet@live.nl;MEVR.;Natalie;;Vet;;Natalie Vet;;Herengracht 37;;Herengracht;1506 DM;37;;Zaandam;NLD;622701706;;natalievet@live.nl;;MEVR.;Natalie;;Vet;;Natalie Vet;;Herengracht 37;;Herengracht;1506 DM;37;;Zaandam;NLD;622701706;;natalievet@live.nl;25-1-2020;20:34:27
WO20-03149;C2004127058;C2004127058;DHR.;Mark;;Janzen;;Mark Janzen;;Houtelaar 33;;Houtelaar;5121 SJ;33;;Rijen;NLD;652261739;;markjanzen.mj@gmail.com;DHR.;Mark;;Janzen;;Mark Janzen;;Houtelaar 33;;Houtelaar;5121 SJ;33;;Rijen;NLD;652261739;;markjanzen.mj@gmail.com;;DHR.;Mark;;Janzen;;Mark Janzen;;Houtelaar 33;;Houtelaar;5121 SJ;33;;Rijen;NLD;652261739;;markjanzen.mj@gmail.com;25-1-2020;20:54:35
WO20-03150;C2004127059;C2004127059;MEVR.;Sabine;v;Workum;;Sabine v Workum;;Karel van Gelderstraat 15;;Karel van Gelderstraat;6828 HL;15;;Arnhem;NLD;643049006;;info@bentofabriek.nl;MEVR.;Sabine;v;Workum;;Sabine v Workum;;Karel van Gelderstraat 15;;Karel van Gelderstraat;6828 HL;15;;Arnhem;NLD;643049006;;info@bentofabriek.nl;;MEVR.;Sabine;v;Workum;;Sabine v Workum;;Karel van Gelderstraat 15;;Karel van Gelderstraat;6828 HL;15;;Arnhem;NLD;643049006;;info@bentofabriek.nl;25-1-2020;21:00:39
WO20-03151;C2004127060;C2004127060;MEVR.;Joost;;Visser;;Joost Visser;;Van Humboldtstraat 71;;Van Humboldtstraat;3514 GM;71;;Utrecht;NLD;;;visklak@hotmail.com;MEVR.;Joost;;Visser;;Joost Visser;;Van Humboldtstraat 71;;Van Humboldtstraat;3514 GM;71;;Utrecht;NLD;;;visklak@hotmail.com;;MEVR.;Joost;;Visser;;Joost Visser;;Van Humboldtstraat 71;;Van Humboldtstraat;3514 GM;71;;Utrecht;NLD;;;visklak@hotmail.com;25-1-2020;21:07:54
WO20-03152;C2004127061;C2004127061;DHR.;G;;Houter;;G Houter;;Egelantierstraat 152;;Egelantierstraat;1214 EH;152;;Hilversum;NLD;651917671;;houterg@hetnet.nl;DHR.;G;;Houter;;G Houter;;Egelantierstraat 152;;Egelantierstraat;1214 EH;152;;Hilversum;NLD;651917671;;houterg@hetnet.nl;;DHR.;G;;Houter;;G Houter;;Erfgooiersstraat 15;;Erfgooiersstraat;1222 AD;15;;Hilversum;NLD;651917671;;houterg@hetnet.nl;25-1-2020;21:11:39
WO20-03153;F2004127062;F2004127062;MEVR.;Marguerita;;de la Rambelje;;Marguerita de la Rambelje;;Tooropstraat 24;;Tooropstraat;7312 ST;24;;Apeldoorn;NLD;622166093;;mdelarambelje70@gmail.com;MEVR.;Marguerita;;de la Rambelje;;Marguerita de la Rambelje;;Tooropstraat 24;;Tooropstraat;7312 ST;24;;Apeldoorn;NLD;622166093;;mdelarambelje70@gmail.com;;MEVR.;Marguerita;;de la Rambelje;;Marguerita de la Rambelje;;Tooropstraat 24;;Tooropstraat;7312 ST;24;;Apeldoorn;NLD;622166093;;mdelarambelje70@gmail.com;25-1-2020;21:26:47
WO20-03154;F2004127063;F2004127063;MEVR.;Marguerita;;de la Rambelje;;Marguerita de la Rambelje;;Tooropstraat 24;;Tooropstraat;7312 ST;24;;Apeldoorn;NLD;622166093;;mdelarambelje70@gmail.com;MEVR.;Marguerita;;de la Rambelje;;Marguerita de la Rambelje;;Tooropstraat 24;;Tooropstraat;7312 ST;24;;Apeldoorn;NLD;622166093;;mdelarambelje70@gmail.com;;MEVR.;Marguerita;;de la Rambelje;;Marguerita de la Rambelje;;Tooropstraat 24;;Tooropstraat;7312 ST;24;;Apeldoorn;NLD;622166093;;mdelarambelje70@gmail.com;25-1-2020;21:26:51
WO20-03155;C2004127065;C2004127065;DHR.;Roel;van;Pol;;Roel van Pol;;Engelmanstraat 41B;;Engelmanstraat;6086 BB;41;;Neer;NLD;;;feelinghands@ziggo.nl;DHR.;Roel;van;Pol;;Roel van Pol;;Engelmanstraat 41;;Engelmanstraat;6086 BB;41;;Neer;NLD;;;feelinghands@ziggo.nl;;DHR.;Roel;van;Pol;;Roel van Pol;;Engelmanstraat 41B;;Engelmanstraat;6086 BB;41;;Neer;NLD;;;feelinghands@ziggo.nl;25-1-2020;21:39:48
WO20-03156;C2004127067;C2004127067;MEVR.;Marthe;;Gies;;Marthe Gies;;Vinkenlaan 2;;Vinkenlaan;4461 RG;2;;Goes;NLD;;;marthegies@hotmail.com;MEVR.;Marthe;;Gies;;Marthe Gies;;Vinkenlaan 2;;Vinkenlaan;4461 RG;2;;Goes;NLD;;;marthegies@hotmail.com;;MEVR.;Marthe;;Gies;;Marthe Gies;;Vinkenlaan 2;;Vinkenlaan;4461 RG;2;;Goes;NLD;;;marthegies@hotmail.com;25-1-2020;21:42:43
WO20-03157;F2004127069;F2004127069;MEVR.;Renske;;Pot;;Renske Pot;;Beukenhof 23;;Beukenhof;3894 BM;23;;Zeewolde;NLD;620565003;;renskepot@hotmail.com;MEVR.;Renske;;Pot;;Renske Pot;;Beukenhof 23;;Beukenhof;3894 BM;23;;Zeewolde;NLD;620565003;;renskepot@hotmail.com;;MEVR.;Renske;;Pot;;Renske Pot;;Beukenhof 23;;Beukenhof;3894 BM;23;;Zeewolde;NLD;620565003;;renskepot@hotmail.com;25-1-2020;21:47:09
WO20-03158;C2004127068;C2004127068;MEVR.;Danielle;Van Der;Peet;;Danielle Van Der Peet;;Hasseltstraat 91;;Hasseltstraat;5046 LH;91;;Tilburg;NLD;623818007;;d.vanderpeet@inter.nl.net;MEVR.;Danielle;Van Der;Peet;;Danielle Van Der Peet;;Hasseltstraat 91;;Hasseltstraat;5046 LH;91;;Tilburg;NLD;623818007;;d.vanderpeet@inter.nl.net;;MEVR.;Danielle;Van Der;Peet;;Danielle Van Der Peet;;Hasseltstraat 91;;Hasseltstraat;5046 LH;91;;Tilburg;NLD;623818007;;d.vanderpeet@inter.nl.net;25-1-2020;21:45:59
WO20-03159;C2004127071;C2004127071;MEVR.;Jolanda;;Hoogendam;;Jolanda Hoogendam;;Argonautenrede 55;;Argonautenrede;2725 GB;55;;Zoetermeer;NLD;798885576;;jovoordeel@gmail.com;MEVR.;Jolanda;;Hoogendam;;Jolanda Hoogendam;;Argonautenrede 55;;Argonautenrede;2725 GB;55;;Zoetermeer;NLD;798885576;;jovoordeel@gmail.com;;MEVR.;Jolanda;;Hoogendam;;Jolanda Hoogendam;;Argonautenrede 55;;Argonautenrede;2725 GB;55;;Zoetermeer;NLD;798885576;;jovoordeel@gmail.com;25-1-2020;21:48:39
WO20-03160;C2004127073;C2004127073;MEVR.;Liane;;Compagne;;Liane Compagne;;Zijlweg 162;;Zijlweg;2015 BJ;162;;Haarlem;NLD;;;lianecompagne@gmail.com;MEVR.;Liane;;Compagne;;Liane Compagne;;Zijlweg 162;;Zijlweg;2015 BJ;162;;Haarlem;NLD;;;lianecompagne@gmail.com;;MEVR.;Liane;;Compagne;;Liane Compagne;;Zijlweg 162;;Zijlweg;2015 BJ;162;;Haarlem;NLD;;;lianecompagne@gmail.com;25-1-2020;21:53:46
WO20-03161;C2004127074;C2004127074;MEVR.;Cinderella;;De Kleijn;;Cinderella De Kleijn;;Langshout 8;;Langshout;3991 PK;8;;Houten;NLD;683850080;;cejedk@gmail.com;MEVR.;Cinderella;;De Kleijn;;Cinderella De Kleijn;;Langshout 8;;Langshout;3991 PK;8;;Houten;NLD;683850080;;cejedk@gmail.com;;MEVR.;Cinderella;;De Kleijn;;Cinderella De Kleijn;;Langshout 8;;Langshout;3991 PK;8;;Houten;NLD;683850080;;cejedk@gmail.com;25-1-2020;21:58:20
WO20-03162;C2004127075;C2004127075;MEVR.;Sanne;de;Graaf;;Sanne de Graaf;;Oostendeelplein 6;;Oostendeelplein;3214 TM;6;;Zuidland;NLD;610647781;;ycdegraafdikken@hotmail.com;MEVR.;Sanne;de;Graaf;;Sanne de Graaf;;Oostendeelplein 6;;Oostendeelplein;3214 TM;6;;Zuidland;NLD;610647781;;ycdegraafdikken@hotmail.com;;MEVR.;Sanne;de;Graaf;;Sanne de Graaf;;Oostendeelplein 6;;Oostendeelplein;3214 TM;6;;Zuidland;NLD;610647781;;ycdegraafdikken@hotmail.com;25-1-2020;22:05:09
WO20-03163;C2004127076;C2004127076;MEVR.;Jorien;;Boesveld;;Jorien Boesveld;;Kastanjelaan 33;;Kastanjelaan;2351 NE;33;;Leiderdorp;NLD;627264724;;jmcboesveld@hotmail.com;MEVR.;Jorien;;Boesveld;;Jorien Boesveld;;Kastanjelaan 33;;Kastanjelaan;2351 NE;33;;Leiderdorp;NLD;627264724;;jmcboesveld@hotmail.com;;MEVR.;Jorien;;Boesveld;;Jorien Boesveld;;Kastanjelaan 33;;Kastanjelaan;2351 NE;33;;Leiderdorp;NLD;627264724;;jmcboesveld@hotmail.com;25-1-2020;22:16:57
WO20-03164;F2004127077;F2004127077;DHR.;FGH;;Everaerts;;FGH Everaerts;;Julianastraat 47;;Julianastraat;5961 BN;47;;Horst;NLD;;;fgh.everaerts@home.nl;DHR.;FGH;;Everaerts;;FGH Everaerts;;Julianastraat 47;;Julianastraat;5961 BN;47;;Horst;NLD;;;fgh.everaerts@home.nl;;DHR.;FGH;;Everaerts;;FGH Everaerts;;Julianastraat 47;;Julianastraat;5961 BN;47;;Horst;NLD;;;fgh.everaerts@home.nl;25-1-2020;22:48:18
WO20-03165;C2004127079;C2004127079;MEVR.;Rineke;;Kolthof;;Rineke Kolthof;;Middelstraat 20;;Middelstraat;3264 AN;20;;Nieuw-Beijerland;NLD;627841693;;rineke.93@hotmail.com;MEVR.;Rineke;;Kolthof;;Rineke Kolthof;;Middelstraat 20;;Middelstraat;3264 AN;20;;Nieuw-Beijerland;NLD;627841693;;rineke.93@hotmail.com;;MEVR.;Rineke;;Kolthof;;Rineke Kolthof;;Middelstraat 20;;Middelstraat;3264 AN;20;;Nieuw-Beijerland;NLD;627841693;;rineke.93@hotmail.com;25-1-2020;22:57:22
WO20-03166;C2004127080;C2004127080;MEVR.;Bente;;Hendriksen;;Bente Hendriksen;;Bredestraat 162D;;Bredestraat;6543 ZZ;162;;Nijmegen;NLD;;;matthijs_van_kooten@hotmail.com;MEVR.;Bente;;Hendriksen;;Bente Hendriksen;;Bredestraat 162;;Bredestraat;6543 ZZ;162;;Nijmegen;NLD;;;matthijs_van_kooten@hotmail.com;;MEVR.;Bente;;Hendriksen;;Bente Hendriksen;;Bredestraat 162D;;Bredestraat;6543 ZZ;162;;Nijmegen;NLD;;;matthijs_van_kooten@hotmail.com;25-1-2020;23:09:40
WO20-03167;C2004127081;C2004127081;MEVR.;Lisa;;Pater;;Lisa Pater;;Pothoofd 165;;Pothoofd;7411 BK;165;;Deventer;NLD;;;Liesje-Xxjes@hotmail.com;MEVR.;Lisa;;Pater;;Lisa Pater;;Pothoofd 165;;Pothoofd;7411 BK;165;;Deventer;NLD;;;Liesje-Xxjes@hotmail.com;;MEVR.;Lisa;;Pater;;Lisa Pater;;Pothoofd 165;;Pothoofd;7411 BK;165;;Deventer;NLD;;;Liesje-Xxjes@hotmail.com;25-1-2020;23:22:18
WO20-03168;C2004127082;C2004127082;MEVR.;Annelies;;Dirckx;;Annelies Dirckx;;Senecalaan 21;;Senecalaan;6135 HS;21;;Sittard;NLD;641600034;;adirckx@outlook.com;MEVR.;Annelies;;Dirckx;;Annelies Dirckx;;Senecalaan 21;;Senecalaan;6135 HS;21;;Sittard;NLD;641600034;;adirckx@outlook.com;;MEVR.;Annelies;;Dirckx;;Annelies Dirckx;;Senecalaan 21;;Senecalaan;6135 HS;21;;Sittard;NLD;641600034;;adirckx@outlook.com;25-1-2020;23:44:31
WO20-03169;C2004127083;C2004127083;MEVR.;Selina;;Warbout;;Selina Warbout;;Granietstraat 18;;Granietstraat;9743 VX;18;;Groningen;NLD;;;selinawarbout@hotmail.com;MEVR.;Selina;;Warbout;;Selina Warbout;;Granietstraat 18;;Granietstraat;9743 VX;18;;Groningen;NLD;;;selinawarbout@hotmail.com;;MEVR.;Selina;;Warbout;;Selina Warbout;;Granietstraat 18;;Granietstraat;9743 VX;18;;Groningen;NLD;;;selinawarbout@hotmail.com;25-1-2020;23:59:20
